{
	"format_version": "1.8.0",
	"animations": {
		"idle": {
			"loop": true,
			"animation_length": 4,
			"bones": {
				"body": {
					"rotation": {
						"0.0": {
							"vector": [-2.5, 0, 0]
						},
						"0.0417": [-2.49609, 0, 0],
						"0.5833": [-2.12443, 0, 0],
						"1.125": [-0.93823, 0, 0],
						"1.6667": [-0.11669, 0, 0],
						"2.0": {
							"vector": [0, 0, 0]
						},
						"2.0417": [0.00112, 0, 0],
						"2.5833": [-0.33862, 0, 0],
						"3.125": [-1.57803, 0, 0],
						"3.6667": [-2.41466, 0, 0],
						"4.0": {
							"vector": [-2.5, 0, 0]
						}
					}
				},
				"rightbottomleg": {
					"rotation": {
						"0.0": {
							"vector": [0, 0, 0]
						},
						"0.0417": [0, 0, 0.00026],
						"0.5833": [0, 0, 0.06742],
						"1.125": [0, 0, 0.31716],
						"1.6667": [0, 0, 0.48131],
						"2.0": {
							"vector": [0, 0, 0.5]
						},
						"2.0417": [0, 0, 0.49974],
						"2.5833": [0, 0, 0.43097],
						"3.125": [0, 0, 0.16902],
						"3.6667": [0, 0, 0.01407],
						"3.9583": {
							"vector": [0, 0, 0]
						}
					}
				},
				"rightupperleg": {
					"rotation": {
						"0.0": {
							"vector": [0, 0, 0]
						},
						"0.0417": [0, 0, 0.00112],
						"0.5833": [0, 0, 0.28189],
						"1.125": [0, 0, 1.21841],
						"1.6667": [0, 0, 1.63524],
						"2.0": {
							"vector": [0, 0, 1.5]
						},
						"2.0417": [0, 0, 1.4718],
						"2.5833": [0, 0, 0.98511],
						"3.125": [0, 0, 0.30044],
						"3.6667": [0, 0, 0.02306],
						"3.9583": {
							"vector": [0, 0, 0]
						}
					}
				},
				"leftupperleg": {
					"rotation": {
						"0.0": {
							"vector": [0, 0, 0]
						},
						"0.0417": [0, 0, -0.00112],
						"0.5833": [0, 0, -0.28189],
						"1.125": [0, 0, -1.21841],
						"1.6667": [0, 0, -1.63524],
						"2.0": {
							"vector": [0, 0, -1.5]
						},
						"2.0417": [0, 0, -1.4718],
						"2.5833": [0, 0, -0.98511],
						"3.125": [0, 0, -0.30044],
						"3.6667": [0, 0, -0.02306],
						"3.9583": {
							"vector": [0, 0, 0]
						}
					}
				},
				"leftbottomleg": {
					"rotation": {
						"0.0": {
							"vector": [0, 0, 0]
						},
						"0.0417": [0, 0, -0.00026],
						"0.5833": [0, 0, -0.06742],
						"1.125": [0, 0, -0.31716],
						"1.6667": [0, 0, -0.48131],
						"2.0": {
							"vector": [0, 0, -0.5]
						},
						"2.0417": [0, 0, -0.49974],
						"2.5833": [0, 0, -0.43097],
						"3.125": [0, 0, -0.16902],
						"3.6667": [0, 0, -0.01407],
						"3.9583": {
							"vector": [0, 0, 0]
						}
					}
				},
				"head": {
					"rotation": {
						"0.0": {
							"vector": [1, 0, 0]
						},
						"0.0417": [0.99776, 0, 0],
						"0.5833": [1.05294, 0, 0],
						"1.125": [1.32211, 0, 0],
						"1.6667": [1.49547, 0, 0],
						"2.0": {
							"vector": [1.5, 0, 0]
						},
						"2.0417": [1.4972, 0, 0],
						"2.5833": [1.4101, 0, 0],
						"3.125": [1.19415, 0, 0],
						"3.6667": [1.03588, 0, 0],
						"4.0": {
							"vector": [1, 0, 0]
						}
					}
				},
				"rightantennae": {
					"rotation": {
						"0.0": {
							"vector": [0, 0, 0]
						},
						"1.9583": {
							"vector": [-2.5, 0, 0]
						},
						"4.0": {
							"vector": [0, 0, 0]
						}
					}
				},
				"leftantennae": {
					"rotation": {
						"0.0": {
							"vector": [0, 0, 0]
						},
						"1.9583": {
							"vector": [-2.5, 0, 0]
						},
						"4.0": {
							"vector": [0, 0, 0]
						}
					}
				}
			}
		},
		"walk": {
			"loop": true,
			"animation_length": 0.375,
			"bones": {
				"root": {
					"position": {
						"vector": [0, 0.5, 0]
					}
				},
				"body": {
					"rotation": {
						"0.0": {
							"vector": [0, 0, 0]
						},
						"0.0833": {
							"vector": [-2.5, 0, 0]
						},
						"0.1667": {
							"vector": [0, 0, 0]
						},
						"0.2917": {
							"vector": [2.5, 0, 0]
						},
						"0.375": {
							"vector": [0, 0, 0]
						}
					},
					"position": {
						"0.0": {
							"vector": [0, 0, 0]
						},
						"0.0833": {
							"vector": [0, 1, 0]
						},
						"0.1667": {
							"vector": [0, 0, 0]
						},
						"0.2917": {
							"vector": [0, -1, 0]
						},
						"0.375": {
							"vector": [0, 0, 0]
						}
					}
				},
				"rightbottomleg": {
					"rotation": {
						"0.0": {
							"vector": [54.63128, 9.68245, -23.44198]
						},
						"0.0833": {
							"vector": [89.59976, -35.30408, -75.05373]
						},
						"0.1667": {
							"vector": [16.26906, 9.57698, -18.85625]
						},
						"0.2917": {
							"vector": [-5.3954, 19.47258, -2.33447]
						},
						"0.375": {
							"vector": [54.63128, 9.68245, -23.44198]
						}
					}
				},
				"rightupperleg": {
					"rotation": {
						"0.0": {
							"vector": [-2.91099, -23.13833, -17.78169]
						},
						"0.0833": {
							"vector": [8.15237, -43.71624, -21.99685]
						},
						"0.2083": {
							"vector": [-1.80485, -60.19169, -15.08404]
						},
						"0.2917": {
							"vector": [-52.62314, -18.44401, -39.96273]
						},
						"0.375": {
							"vector": [-2.91099, -23.13833, -17.78169]
						}
					}
				},
				"rightjoint2": {
					"rotation": {
						"0.0": {
							"vector": [-4.99527, 0.21782, 2.4905]
						},
						"0.0833": {
							"vector": [-1.17356, 1.35858, 8.29089]
						},
						"0.1667": {
							"vector": [2.66635, 1.55029, 8.72947]
						},
						"0.2917": {
							"vector": [6.8564, 3.06642, -19.84005]
						},
						"0.375": {
							"vector": [-4.99527, 0.21782, 2.4905]
						}
					}
				},
				"leftupperleg": {
					"rotation": {
						"0.0": {
							"vector": [-52.62314, 18.44401, 39.96273]
						},
						"0.0833": {
							"vector": [-2.91099, 23.13833, 17.78169]
						},
						"0.1667": {
							"vector": [8.15237, 43.71624, 21.99685]
						},
						"0.2917": {
							"vector": [-1.80485, 60.19169, 15.08404]
						},
						"0.375": {
							"vector": [-52.62314, 18.44401, 39.96273]
						}
					}
				},
				"leftjoint2": {
					"rotation": {
						"0.0": {
							"vector": [6.8564, -3.06642, 19.84005]
						},
						"0.0833": {
							"vector": [-4.99527, -0.21782, -2.4905]
						},
						"0.1667": {
							"vector": [-1.17356, -1.35858, -8.29089]
						},
						"0.2917": {
							"vector": [2.66635, -1.55029, -8.72947]
						},
						"0.375": {
							"vector": [6.8564, -3.06642, 19.84005]
						}
					}
				},
				"leftbottomleg": {
					"rotation": {
						"0.0": {
							"vector": [89.59976, 35.30408, 75.05373]
						},
						"0.0833": {
							"vector": [16.26906, -9.57698, 18.85625]
						},
						"0.1667": {
							"vector": [-5.3954, -19.47258, 2.33447]
						},
						"0.2917": {
							"vector": [54.63128, -9.68245, 23.44198]
						},
						"0.375": {
							"vector": [89.59976, 35.30408, 75.05373]
						}
					}
				},
				"head": {
					"rotation": {
						"0.0": {
							"vector": [-2.5, 0, 0]
						},
						"0.0833": {
							"vector": [0, 0, 0]
						},
						"0.1667": {
							"vector": [-2.5, 0, 0]
						},
						"0.2917": {
							"vector": [-5, 0, 0]
						},
						"0.375": {
							"vector": [-2.5, 0, 0]
						}
					},
					"position": {
						"0.0": {
							"vector": [0, 0, 0]
						},
						"0.0833": {
							"vector": [0, 1, 0]
						},
						"0.1667": {
							"vector": [0, 0, 0]
						},
						"0.2917": {
							"vector": [0, -1, 0]
						},
						"0.375": {
							"vector": [0, 0, 0]
						}
					}
				},
				"rightantennae": {
					"rotation": {
						"0.0": {
							"vector": [0, 0, 0]
						},
						"0.1667": {
							"vector": [2.50238, 2.49762, 0.10912]
						},
						"0.375": {
							"vector": [0, 0, 0]
						}
					}
				},
				"leftantennae": {
					"rotation": {
						"0.0": {
							"vector": [0, 0, 0]
						},
						"0.1667": {
							"vector": [2.50238, -2.49762, -0.10912]
						},
						"0.375": {
							"vector": [0, 0, 0]
						}
					}
				},
				"rightheadpincers": {
					"rotation": {
						"0.0": {
							"vector": [0, 17.5, 0]
						},
						"0.1667": {
							"vector": [0, 10, 0]
						},