{
	"format_version": "1.8.0",
	"animations": {
		"Float": {
			"loop": true,
			"animation_length": 3,
			"bones": {
				"body": {
					"position": {
						"0.0": {
							"vector": [0, 0, 0]
						},
						"2.5": {
							"vector": [0, -1, 0]
						},
						"3.0": {
							"vector": [0, 0, 0]
						}
					}
				},
				"tentacle1": {
					"rotation": {
						"0.0": {
							"vector": [-19.84005, 3.06642, 24.3564]
						},
						"2.25": {
							"vector": [-37.1832, 4.76636, 26.23327]
						},
						"2.75": {
							"vector": [-10.65671, 1.65281, 8.98306]
						},
						"3.0": {
							"vector": [-19.84005, 3.06642, 24.3564]
						}
					}
				},
				"tentacle1_2": {
					"rotation": {
						"0.0": {
							"vector": [17.39338, -1.72938, -12.17064]
						},
						"2.25": {
							"vector": [-6.18438, 8.3798, 6.76583]
						},
						"2.75": {
							"vector": [-6.18438, 8.3798, 6.76583]
						},
						"3.0": {
							"vector": [17.39338, -1.72938, -12.17064]
						}
					}
				},
				"tentacle1_3": {
					"rotation": {
						"0.0": {
							"vector": [24.24769, 6.27967, -13.64973]
						},
						"2.25": {
							"vector": [7.47044, 18.53119, 20.81871],
							"easing": "easeInQuad"
						},
						"2.75": {
							"vector": [-32.26605, 0.82906, 0.18164]
						},
						"3.0": {
							"vector": [24.24769, 6.27967, -13.64973]
						}
					}
				},
				"tentacle2": {
					"rotation": {
						"0.0": {
							"vector": [-20.00533, -28.48042, -5.1509]
						},
						"2.25": {
							"vector": [-35.18196, -31.44539, -9.79939]
						},
						"2.75": {
							"vector": [-20.36615, -29.40815, -4.50289]
						},
						"3.0": {
							"vector": [-20.00533, -28.48042, -5.1509]
						}
					}
				},
				"tentacle2_2": {
					"rotation": {
						"0.0": {
							"vector": [22.42287, -1.91134, 4.62111]
						},
						"2.25": {
							"vector": [-19.4824, -5.30307, -4.80624]
						},
						"2.75": {
							"vector": [-34.26517, -6.7147, -6.88102]
						},
						"3.0": {
							"vector": [22.42287, -1.91134, 4.62111]
						}
					}
				},
				"tentacle2_3": {
					"rotation": {
						"0.0": {
							"vector": [17.48436, -0.75155, 2.38443]
						},
						"2.25": {
							"vector": [-9.7378, -2.47108, -7.4709]
						},
						"2.75": {
							"vector": [-24.25654, -5.58465, -14.31184]
						},
						"3.0": {
							"vector": [17.48436, -0.75155, 2.38443]
						}
					}
				},
				"tentacle3": {
					"rotation": {
						"0.0": {
							"vector": [17.5, -10, 7.5]
						},
						"2.25": {
							"vector": [33.11203, -15.61057, 15.99321]
						},
						"2.75": {
							"vector": [11.93794, -14.63231, 10.91378]
						},
						"3.0": {
							"vector": [17.5, -10, 7.5]
						}
					}
				},
				"tentacle3_2": {
					"rotation": {
						"0.0": {
							"vector": [-19.8423, -2.55868, -7.05239]
						},
						"2.25": {
							"vector": [-2.92444, -1.86555, 7.94291]
						},
						"2.75": {
							"vector": [14.48346, -2.49284, 10.3647]
						},
						"3.0": {
							"vector": [-19.8423, -2.55868, -7.05239]
						}
					}
				},
				"tentacle3_3": {
					"rotation": {
						"0.0": {
							"vector": [-17.35932, -2.24944, -7.15656]
						},
						"2.25": {
							"vector": [12.64068, 2.24944, 7.15656]
						},
						"2.75": {
							"vector": [27.72478, -0.0746, 11.58472]
						},
						"3.0": {
							"vector": [-17.35932, -2.24944, -7.15656]
						}
					}
				},
				"tentacle4": {
					"rotation": {
						"0.0": {
							"vector": [10.80524, 22.13991, -20.88595]
						},
						"2.25": {
							"vector": [21.33193, 24.04001, -25.91421]
						},
						"2.75": {
							"vector": [10.22653, 22.1911, -9.71973]
						},
						"3.0": {
							"vector": [10.80524, 22.13991, -20.88595]
						}
					}
				},
				"tentacle4_2": {
					"rotation": {
						"0.0": {
							"vector": [-22.19157, -3.81024, 20.74751]
						},
						"2.25": {
							"vector": [52.46259, 8.13676, 11.65422]
						},
						"2.75": {
							"vector": [39.94826, 6.63734, 10.0774]
						},
						"3.0": {
							"vector": [-22.19157, -3.81024, 20.74751]
						}
					}
				},
				"tentacle4_3": {
					"rotation": {
						"0.0": {
							"vector": [-15, 0, 22.5]
						},
						"2.25": {
							"vector": [26.38172, 6.71771, 3.61828]
						},
						"2.75": {
							"vector": [16.88571, 5.2856, 8.43534]
						},
						"3.0": {
							"vector": [-15, 0, 22.5]
						}
					}
				}
			}
		}
	},
	"geckolib_format_version": 2
}