{
	"format_version": "1.8.0",
	"animations": {
		"pink_lizard.animation.idle": {
			"loop": true,
			"animation_length": 3,
			"bones": {
				"Green_Lizard": {
					"position": {
						"vector": [0, 1, 0]
					}
				},
				"upper_body": {
					"scale": {
						"0.0": {
							"vector": [1, 1, 1]
						},
						"0.4167": {
							"vector": [1, 1, 1]
						}
					}
				},
				"Head": {
					"rotation": {
						"0.0": {
							"vector": [7.5, 0, 0]
						},
						"1.2917": {
							"vector": [2.86, 0, 0]
						},
						"2.9583": {
							"vector": [7.5, 0, 0]
						}
					},
					"position": {
						"0.0": {
							"vector": [0, 0, 0.5]
						},
						"2.9583": {
							"vector": [0, 0, 0.5]
						}
					}
				},
				"Hand2": {
					"rotation": {
						"vector": [22.66667, -42.934, -31.51303]
					}
				},
				"bone7": {
					"rotation": {
						"vector": [-0.41419, -22.49639, 13.58237]
					}
				},
				"bone8": {
					"rotation": {
						"vector": [1.49429, 0.13072, 5.0017]
					}
				},
				"Hand1": {
					"rotation": {
						"vector": [20.46806, 43.85328, 28.3133]
					}
				},
				"bone3": {
					"rotation": {
						"vector": [0, 15, -10]
					}
				},
				"bone4": {
					"rotation": {
						"vector": [-0.76798, 12.3328, -8.19064]
					}
				},
				"lower_body": {
					"rotation": {
						"vector": [-2.30909, -29.97985, 1.15431]
					},
					"scale": {
						"0.0": {
							"vector": [1, 1, 1]
						},
						"1.5": {
							"vector": [1, 1.03, 1]
						},
						"2.9583": {
							"vector": [1, 1, 1]
						}
					}
				},
				"Leg2": {
					"rotation": {
						"vector": [-4.75222, 49.83395, -28.70861]
					}
				},
				"bone10": {
					"rotation": {
						"vector": [-0.32902, 7.49282, 4.97846]
					}
				},
				"bone11": {
					"rotation": {
						"vector": [-18.78439, 2.39797, 11.80054]
					}
				},
				"Leg1": {
					"rotation": {
						"vector": [-44.71854, -53.50462, 50.92885]
					}
				},
				"bone5": {
					"rotation": {
						"vector": [1.74942, -34.96182, -15.55099]
					}
				},
				"bone6": {
					"rotation": {
						"vector": [-5.66963, 14.98539, -12.58807]
					}
				},
				"tail": {
					"rotation": {
						"vector": [-10.36567, -24.92137, 0.95622]
					}
				},
				"bone2": {
					"rotation": {
						"vector": [4.31502, -24.72436, -5.50273]
					}
				},
				"bone13": {
					"scale": {
						"0.0": {
							"vector": [1, 1, 1]
						},
						"1.4583": {
							"vector": [1, 1.05, 1]
						},
						"3.0": {
							"vector": [1, 1, 1]
						}
					}
				},
				"bone14": {
					"rotation": {
						"0.0": {
							"vector": [0, 0, 0]
						},
						"1.2917": {
							"vector": [12.5, 0, 0]
						},
						"2.1667": {
							"vector": [8.44, 0, 0]
						},
						"2.9583": {
							"vector": [0, 0, 0]
						}
					},
					"position": {
						"0.0": {
							"vector": [0, 0, 0]
						},
						"1.2917": {
							"vector": [0, 0, -0.5]
						},
						"2.9583": {
							"vector": [0, 0, 0]
						}
					}
				},
				"pink_lizard": {
					"rotation": {
						"vector": [-0.5, 0, 0]
					}
				}
			}
		},
		"pink_lizard.animation.attack": {
			"animation_length": 0.6667,
			"bones": {
				"Green_Lizard": {
					"position": {
						"vector": [0, 1, 0]
					}
				},
				"upper_body": {
					"scale": {
						"0.0": {
							"vector": [1, 1, 1]
						},
						"0.4167": {
							"vector": [1, 1, 1]
						}
					}
				},
				"Head": {
					"rotation": {
						"0.0": {
							"vector": [7.5, 0, 0]
						},
						"0.2917": {
							"vector": [0, 0, 0]
						},
						"0.6667": {
							"vector": [7.5, 0, 0]
						}
					},
					"position": {
						"0.0": {
							"vector": [0, 0, 0.5]
						},
						"0.6667": {
							"vector": [0, 0, 0.5]
						}
					}
				},
				"Hand2": {
					"rotation": {
						"vector": [22.66667, -42.934, -31.51303]
					}
				},
				"bone7": {
					"rotation": {
						"vector": [-0.41419, -22.49639, 13.58237]
					}
				},
				"bone8": {
					"rotation": {
						"vector": [1.49429, 0.13072, 5.0017]
					}
				},
				"Hand1": {
					"rotation": {
						"vector": [20.46806, 43.85328, 28.3133]
					}
				},
				"bone3": {
					"rotation": {
						"vector": [0, 15, -10]
					}
				},
				"bone4": {
					"rotation": {
						"vector": [-0.76798, 12.3328, -8.19064]
					}
				},
				"lower_body": {
					"rotation": {
						"vector": [-2.30909, -29.97985, 1.15431]
					},
					"scale": {
						"vector": [1, 1, 1]
					}
				},
				"Leg2": {
					"rotation": {
						"vector": [-4.75222, 49.83395, -28.70861]
					}
				},
				"bone10": {
					"rotation": {
						"vector": [-0.32902, 7.49282, 4.97846]
					}
				},
				"bone11": {
					"rotation": {
						"vector": [-18.78439, 2.39797, 11.80054]
					}
				},
				"Leg1": {
					"rotation": {
						"vector": [-44.71854, -53.50462, 50.92885]
					}
				},
				"bone5": {
					"rotation": {
						"vector": [1.74942, -34.96182, -15.55099]
					}
				},
				"bone6": {
					"rotation": {
						"vector": [-5.66963, 14.98539, -12.58807]
					}
				},
				"tail": {
					"rotation": {
						"vector": [-10.36567, -24.92137, 0.95622]
					}
				},
				"bone2": {
					"rotation": {
						"vector": [4.31502, -24.72436, -5.50273]
					}
				},
				"Upper_Jaw": {
					"rotation": {
						"0.0": {
							"vector": [0, 0, 0]
						},
						"0.1667": {
							"vector": [-50, 0, 0]
						},
						"0.3333": {
							"vector": [-7.5, 0, 0]
						},
						"0.6667": {
							"vector": [0, 0, 0]
						}
					}
				},
				"Lower_Jaw": {
					"rotation": {
						"0.0": {
							"vector": [0, 0, 0]
						},
						"0.1667": {
							"vector": [27.5, 0, 0]
						},
						"0.3333": {
							"vector": [0, 0, 0]
						},
						"0.6667": {
							"vector": [0, 0, 0]
						}
					}
				},
				"pink_lizard": {
					"rotation": {
						"vector": [-1.5, 0, 0]
					}
				}
			}
		},
		"pink_lizard.animation.walk": {
			"loop": true,
			"animation_length": 1.2917,
			"bones": {
				"Green_Lizard": {
					"rotation": {
						"vector": [-7.5, 0, 0]
					},
					"position": {
						"vector": [0, 3, 0]
					}
				},
				"upper_body": {
					"rotation": {
						"0.0": {
							"vector": [10, 0, 0]
						},
						"0.25": {
							"vector": [15, 0, 0]
						},
						"0.5833": {
							"vector": [10, 0, 0]
						},
						"1.125": {
							"vector": [15, 0, 0]
						},
						"1.25": {
							"vector": [10, 0, 0]
						}
					}
				},
				"Head": {
					"rotation": {
						"0.0": {
							"vector": [-10, 0, 0]
						},
						"0.7083": {
							"vector": [-15, 0, 0],
							"easing": "linear"
						},
						"1.2917": {
							"vector": [-10, 0, 0]
						}
					}
				},
				"Hand2": {
					"rotation": {
						"0.0": {
							"vector": [98.99714, 47.80328, -47.14649]
						},
						"0.2083": {
							"vector": [98.99714, 47.80328, -47.14649]
						},
						"0.5417": {
							"vector": [84.48662, -9.65571, 8.63612]
						},
						"0.8333": {
							"vector": [40.89339, -48.59038, -49.10661]
						},
						"0.9167": {
							"vector": [48.33814, -37.03274, -41.10755]
						},
						"1.2917": {
							"vector": [98.99714, 47.80328, -47.14649]
						}
					}
				},
				"bone7": {
					"rotation": {
						"0.0": {
							"vector": [-24.66569, 4.20854, 134.07947]
						},
						"0.2083": {
							"vector": [-25, 0, 125]
						},
						"0.625": {
							"vector": [-60.7489, -17.38772, 82.81374]
						},
						"0.9167": {
							"vector": [-18.9042, -5.68422, 40.69367]
						},
						"1.2917": {
							"vector": [-24.66569, 4.20854, 134.07947]
						}
					}
				},
				"bone8": {
					"rotation": {
						"0.0": {
							"vector": [-4.37599, -1.21025, 10.10873]
						},
						"0.2083": {
							"vector": [-16.13734, -22.97278, 16.44555]
						},
						"0.9167": {
							"vector": [0, -22.5, 0]
						},
						"1.2917": {
							"vector": [-4.37599, -1.21025, 10.10873]
						}
					}
				},
				"Hand1": {
					"rotation": {
						"0.0": {
							"vector": [18.63923, 50.02461, 23.75692]
						},